[
    {
        "path": "404.html",
        "type": "file",
        "md5": "cc66166098bc79d65d9b0483498c7c0d"
    },
    {
        "path": "assets",
        "type": "directory",
        "md5": false
    },
    {
        "path": "assets/css",
        "type": "directory",
        "md5": false
    },
    {
        "path": "/assets/css/editor.css",
        "type": "file",
        "md5": "b15540b0ef346aeed2b206ddb6a7e66e"
    },
    {
        "path": "/assets/css/main.css",
        "type": "file",
        "md5": "734935fb7427fb7e93c032b18bee9a7f"
    },
    {
        "path": "/assets/css/style.css",
        "type": "file",
        "md5": "15d54d382c748bb79ce4de339f9350c8"
    },
    {
        "path": "assets/dynamic",
        "type": "directory",
        "md5": false
    },
    {
        "path": "assets/js",
        "type": "directory",
        "md5": false
    },
    {
        "path": "/assets/js/html-contents.js",
        "type": "file",
        "md5": "65e696bc3422a9d96e4809d6461f18d2"
    },
    {
        "path": "/assets/js/html-contents.min.js",
        "type": "file",
        "md5": "169077c370ab8ca62b029845f80f7fd5"
    },
    {
        "path": "/assets/js/scripts.js",
        "type": "file",
        "md5": "1fbf01dc976d1dd52f2a6ca87781dfb6"
    },
    {
        "path": "/assets/js/scripts.min.js",
        "type": "file",
        "md5": "4fce2b30433039b19e7a444fe8ab80b7"
    },
    {
        "path": "/assets/js/svg-fix.js",
        "type": "file",
        "md5": "7c0d2bb7276904b382e80bf2d85e8a96"
    },
    {
        "path": "/assets/js/svg-map.js",
        "type": "file",
        "md5": "6266703d96b26bdb8bbfeac04a3548e6"
    },
    {
        "path": "assets/svg",
        "type": "directory",
        "md5": false
    },
    {
        "path": "/assets/svg/svg-map.svg",
        "type": "file",
        "md5": "1045b50b124d80598dba0e6cfd955638"
    },
    {
        "path": "authors",
        "type": "directory",
        "md5": false
    },
    {
        "path": "authors/ed",
        "type": "directory",
        "md5": false
    },
    {
        "path": "/authors/ed/index.html",
        "type": "file",
        "md5": "40721db084b48ec02a9b05bdbcf321a4"
    },
    {
        "path": "authors/ed/page",
        "type": "directory",
        "md5": false
    },
    {
        "path": "authors/ed/page/2",
        "type": "directory",
        "md5": false
    },
    {
        "path": "/authors/ed/page/2/index.html",
        "type": "file",
        "md5": "16d009bf310ff30260780800167cb84d"
    },
    {
        "path": "authors/ed/page/3",
        "type": "directory",
        "md5": false
    },
    {
        "path": "/authors/ed/page/3/index.html",
        "type": "file",
        "md5": "cfd8fc93e45712c07e5959e9df350b76"
    },
    {
        "path": "index.html",
        "type": "file",
        "md5": "075ddc57f3db6f9413a12fb61ba47a77"
    },
    {
        "path": "internal-roadmap",
        "type": "directory",
        "md5": false
    },
    {
        "path": "/internal-roadmap/index.html",
        "type": "file",
        "md5": "a3198cab8d1df48127059eaeb5c9aae8"
    },
    {
        "path": "legal-cookie-policy",
        "type": "directory",
        "md5": false
    },
    {
        "path": "/legal-cookie-policy/index.html",
        "type": "file",
        "md5": "eae80453dd0832c119f7c4b5ec331253"
    },
    {
        "path": "legal-privacy",
        "type": "directory",
        "md5": false
    },
    {
        "path": "/legal-privacy/index.html",
        "type": "file",
        "md5": "6c44d58e64f3168874c5604f86bd844c"
    },
    {
        "path": "media",
        "type": "directory",
        "md5": false
    },
    {
        "path": "media/plugins",
        "type": "directory",
        "md5": false
    },
    {
        "path": "media/plugins/staticSearch",
        "type": "directory",
        "md5": false
    },
    {
        "path": "/media/plugins/staticSearch/flexsearch.bundle.js",
        "type": "file",
        "md5": "03f5355e3c0a9bafbfa2412ecfec3df5"
    },
    {
        "path": "/media/plugins/staticSearch/index.js",
        "type": "file",
        "md5": "b15d7ca2d15f752335577615dd36237f"
    },
    {
        "path": "/media/plugins/staticSearch/static.search.min.css",
        "type": "file",
        "md5": "b2e932b2ccb8fc27acd56a327747f6bf"
    },
    {
        "path": "/media/plugins/staticSearch/static.search.min.js",
        "type": "file",
        "md5": "786b5157a9c2627b6bf48c8c0d3991da"
    },
    {
        "path": "media-14-peaks-nothing-is-impossible",
        "type": "directory",
        "md5": false
    },
    {
        "path": "/media-14-peaks-nothing-is-impossible/index.html",
        "type": "file",
        "md5": "a4c7b95f1ec31cbb10177544177ba525"
    },
    {
        "path": "media-mountain-queen-the-summits-of-lhakpa-sherpa-2023",
        "type": "directory",
        "md5": false
    },
    {
        "path": "/media-mountain-queen-the-summits-of-lhakpa-sherpa-2023/index.html",
        "type": "file",
        "md5": "6016d67de2aa846738ad3802bc7a0076"
    },
    {
        "path": "media-race-to-the-summit",
        "type": "directory",
        "md5": false
    },
    {
        "path": "/media-race-to-the-summit/index.html",
        "type": "file",
        "md5": "bd188e1c88be73b48f12a16be0038201"
    },
    {
        "path": "media-race-to-the-summit-3",
        "type": "directory",
        "md5": false
    },
    {
        "path": "/media-race-to-the-summit-3/index.html",
        "type": "file",
        "md5": "c10e673da00d3410248dde598e4fce5e"
    },
    {
        "path": "media-the-rock-warriors-way-mental-training-for-climbers",
        "type": "directory",
        "md5": false
    },
    {
        "path": "/media-the-rock-warriors-way-mental-training-for-climbers/index.html",
        "type": "file",
        "md5": "2123909ecb51c1cf85cc68814c0048ac"
    },
    {
        "path": "medical-dr-med-elisabeth-rockel-orthopedic-doctor",
        "type": "directory",
        "md5": false
    },
    {
        "path": "/medical-dr-med-elisabeth-rockel-orthopedic-doctor/index.html",
        "type": "file",
        "md5": "81cd026aacacb81db47956387fc0be34"
    },
    {
        "path": "medical-orthopaedie-am-stiglmaierplatz",
        "type": "directory",
        "md5": false
    },
    {
        "path": "/medical-orthopaedie-am-stiglmaierplatz/index.html",
        "type": "file",
        "md5": "e24bf8f5e9dd107f022b8b04222a954d"
    },
    {
        "path": "medical-schoen-klinik",
        "type": "directory",
        "md5": false
    },
    {
        "path": "/medical-schoen-klinik/index.html",
        "type": "file",
        "md5": "96c8c5fc536969892a1209cc3f5bcc4b"
    },
    {
        "path": "reservations-slovenia-alpine-association-hut-info",
        "type": "directory",
        "md5": false
    },
    {
        "path": "/reservations-slovenia-alpine-association-hut-info/index.html",
        "type": "file",
        "md5": "4afa4f6d3c9fd9edffeb0bd881ec4d19"
    },
    {
        "path": "robots.txt",
        "type": "file",
        "md5": "d34a10184cc705d52f4fbc126d06f9ea"
    },
    {
        "path": "search.html",
        "type": "file",
        "md5": "10773d72ba9a0ce1b9692b1b5237dbbd"
    },
    {
        "path": "services-barbara-heinze-schmid-repair-service",
        "type": "directory",
        "md5": false
    },
    {
        "path": "/services-barbara-heinze-schmid-repair-service/index.html",
        "type": "file",
        "md5": "40fe0937b5e5ae0b590a1df7be3ff41a"
    },
    {
        "path": "services-hans-brunner-shoe-repair-shop",
        "type": "directory",
        "md5": false
    },
    {
        "path": "/services-hans-brunner-shoe-repair-shop/index.html",
        "type": "file",
        "md5": "cf8472c464053f5dfe864a1106bbba1a"
    },
    {
        "path": "services-rupert-lanzhammer-gmbh-schuh-technik-ottobrunn",
        "type": "directory",
        "md5": false
    },
    {
        "path": "/services-rupert-lanzhammer-gmbh-schuh-technik-ottobrunn/index.html",
        "type": "file",
        "md5": "393c329d57cbcc147cc58844c6cb7eef"
    },
    {
        "path": "shop-globetrotter-munich",
        "type": "directory",
        "md5": false
    },
    {
        "path": "/shop-globetrotter-munich/index.html",
        "type": "file",
        "md5": "1ec03746393d666680dd23e27c36fc61"
    },
    {
        "path": "shop-rumrich-stone-project",
        "type": "directory",
        "md5": false
    },
    {
        "path": "/shop-rumrich-stone-project/index.html",
        "type": "file",
        "md5": "233bff6d0f665671aa246c8c8447c85d"
    },
    {
        "path": "shop-sport-bittl",
        "type": "directory",
        "md5": false
    },
    {
        "path": "/shop-sport-bittl/index.html",
        "type": "file",
        "md5": "22f4ea23e8d1246b9bd2601fc6f7bfa8"
    },
    {
        "path": "shop-sport-schuster",
        "type": "directory",
        "md5": false
    },
    {
        "path": "/shop-sport-schuster/index.html",
        "type": "file",
        "md5": "bbd1980241afc46840a274ce9501719a"
    },
    {
        "path": "sitemap.xml",
        "type": "file",
        "md5": "598b95e5ca83b3f96ec5b7601288a7cd"
    },
    {
        "path": "sitemap.xsl",
        "type": "file",
        "md5": "03c2f9a7fdcc46ff05c435907614a0b8"
    },
    {
        "path": "tags",
        "type": "directory",
        "md5": false
    },
    {
        "path": "tags/hack",
        "type": "directory",
        "md5": false
    },
    {
        "path": "/tags/hack/index.html",
        "type": "file",
        "md5": "48adf7991613a6b7d1cb3fd81b365187"
    },
    {
        "path": "/tags/index.html",
        "type": "file",
        "md5": "5c1aa14a335abd5536677d69422decd3"
    },
    {
        "path": "tags/media",
        "type": "directory",
        "md5": false
    },
    {
        "path": "/tags/media/index.html",
        "type": "file",
        "md5": "8797ddba950f4dfffb5f5d6512783b28"
    },
    {
        "path": "tags/medical",
        "type": "directory",
        "md5": false
    },
    {
        "path": "/tags/medical/index.html",
        "type": "file",
        "md5": "65236b3165b792c22ac34e65ed642506"
    },
    {
        "path": "tags/repairs-and-services",
        "type": "directory",
        "md5": false
    },
    {
        "path": "/tags/repairs-and-services/index.html",
        "type": "file",
        "md5": "e3e52564c83dee5f29fcd5a54eef471f"
    },
    {
        "path": "tags/reservations",
        "type": "directory",
        "md5": false
    },
    {
        "path": "/tags/reservations/index.html",
        "type": "file",
        "md5": "608fb94c26401fcf619e92133a797ad0"
    },
    {
        "path": "tags/shops",
        "type": "directory",
        "md5": false
    },
    {
        "path": "/tags/shops/index.html",
        "type": "file",
        "md5": "ec70c32c331b9c3d162385bc840b3726"
    },
    {
        "path": "tags/training",
        "type": "directory",
        "md5": false
    },
    {
        "path": "/tags/training/index.html",
        "type": "file",
        "md5": "efcec9e02e1aee3fee89b72b350e7ba7"
    },
    {
        "path": "training-mountain-rescue-association-mra-education-basecamp",
        "type": "directory",
        "md5": false
    },
    {
        "path": "/training-mountain-rescue-association-mra-education-basecamp/index.html",
        "type": "file",
        "md5": "2a16bca7705323eecdb35c837d274ad1"
    }
]