[
    {
        "path": "404.html",
        "type": "file",
        "md5": "737a1aa55b5b38d084db7a39722b76aa"
    },
    {
        "path": "assets",
        "type": "directory",
        "md5": false
    },
    {
        "path": "assets/css",
        "type": "directory",
        "md5": false
    },
    {
        "path": "/assets/css/editor.css",
        "type": "file",
        "md5": "b15540b0ef346aeed2b206ddb6a7e66e"
    },
    {
        "path": "/assets/css/main.css",
        "type": "file",
        "md5": "734935fb7427fb7e93c032b18bee9a7f"
    },
    {
        "path": "/assets/css/style.css",
        "type": "file",
        "md5": "15d54d382c748bb79ce4de339f9350c8"
    },
    {
        "path": "assets/dynamic",
        "type": "directory",
        "md5": false
    },
    {
        "path": "assets/js",
        "type": "directory",
        "md5": false
    },
    {
        "path": "/assets/js/html-contents.js",
        "type": "file",
        "md5": "65e696bc3422a9d96e4809d6461f18d2"
    },
    {
        "path": "/assets/js/html-contents.min.js",
        "type": "file",
        "md5": "169077c370ab8ca62b029845f80f7fd5"
    },
    {
        "path": "/assets/js/scripts.js",
        "type": "file",
        "md5": "1fbf01dc976d1dd52f2a6ca87781dfb6"
    },
    {
        "path": "/assets/js/scripts.min.js",
        "type": "file",
        "md5": "4fce2b30433039b19e7a444fe8ab80b7"
    },
    {
        "path": "/assets/js/svg-fix.js",
        "type": "file",
        "md5": "7c0d2bb7276904b382e80bf2d85e8a96"
    },
    {
        "path": "/assets/js/svg-map.js",
        "type": "file",
        "md5": "6266703d96b26bdb8bbfeac04a3548e6"
    },
    {
        "path": "assets/svg",
        "type": "directory",
        "md5": false
    },
    {
        "path": "/assets/svg/svg-map.svg",
        "type": "file",
        "md5": "1045b50b124d80598dba0e6cfd955638"
    },
    {
        "path": "authors",
        "type": "directory",
        "md5": false
    },
    {
        "path": "authors/ed",
        "type": "directory",
        "md5": false
    },
    {
        "path": "/authors/ed/index.html",
        "type": "file",
        "md5": "0aceefa4704535b4febc31aa3dcd8943"
    },
    {
        "path": "index.html",
        "type": "file",
        "md5": "0412630c14e6c95c056ed26c734bfb2e"
    },
    {
        "path": "internal-roadmap",
        "type": "directory",
        "md5": false
    },
    {
        "path": "/internal-roadmap/index.html",
        "type": "file",
        "md5": "225c08e418df13670f3dd1496996e678"
    },
    {
        "path": "legal-cookie-policy",
        "type": "directory",
        "md5": false
    },
    {
        "path": "/legal-cookie-policy/index.html",
        "type": "file",
        "md5": "ce11964be45fc0a38875905c9560989a"
    },
    {
        "path": "legal-privacy",
        "type": "directory",
        "md5": false
    },
    {
        "path": "/legal-privacy/index.html",
        "type": "file",
        "md5": "d3b850746e3f86219cc4a5a925f5ee14"
    },
    {
        "path": "media",
        "type": "directory",
        "md5": false
    },
    {
        "path": "media/plugins",
        "type": "directory",
        "md5": false
    },
    {
        "path": "media/plugins/staticSearch",
        "type": "directory",
        "md5": false
    },
    {
        "path": "/media/plugins/staticSearch/flexsearch.bundle.js",
        "type": "file",
        "md5": "03f5355e3c0a9bafbfa2412ecfec3df5"
    },
    {
        "path": "/media/plugins/staticSearch/index.js",
        "type": "file",
        "md5": "88ef3b7a5017a47256ac785d80470174"
    },
    {
        "path": "/media/plugins/staticSearch/static.search.min.css",
        "type": "file",
        "md5": "b2e932b2ccb8fc27acd56a327747f6bf"
    },
    {
        "path": "/media/plugins/staticSearch/static.search.min.js",
        "type": "file",
        "md5": "786b5157a9c2627b6bf48c8c0d3991da"
    },
    {
        "path": "media-14-peaks-nothing-is-impossible",
        "type": "directory",
        "md5": false
    },
    {
        "path": "/media-14-peaks-nothing-is-impossible/index.html",
        "type": "file",
        "md5": "8eb41f65445e4a91c8b404706a376298"
    },
    {
        "path": "media-mountain-queen-the-summits-of-lhakpa-sherpa-2023",
        "type": "directory",
        "md5": false
    },
    {
        "path": "/media-mountain-queen-the-summits-of-lhakpa-sherpa-2023/index.html",
        "type": "file",
        "md5": "49ed76ffa3c85db06b2aea1c09170b71"
    },
    {
        "path": "media-race-to-the-summit",
        "type": "directory",
        "md5": false
    },
    {
        "path": "/media-race-to-the-summit/index.html",
        "type": "file",
        "md5": "a5cf4fb0efeeb7d5ba4c1982e6d8de3d"
    },
    {
        "path": "media-race-to-the-summit-3",
        "type": "directory",
        "md5": false
    },
    {
        "path": "/media-race-to-the-summit-3/index.html",
        "type": "file",
        "md5": "74c514c650b2d366acfed2087583ed1f"
    },
    {
        "path": "media-the-rock-warriors-way-mental-training-for-climbers",
        "type": "directory",
        "md5": false
    },
    {
        "path": "/media-the-rock-warriors-way-mental-training-for-climbers/index.html",
        "type": "file",
        "md5": "abaa5fd582104dae62a0509164162ad5"
    },
    {
        "path": "robots.txt",
        "type": "file",
        "md5": "9152d7f1724ed8fbcd2e0c87029f193c"
    },
    {
        "path": "search.html",
        "type": "file",
        "md5": "769da9f025338026856b5686feb14376"
    },
    {
        "path": "tags",
        "type": "directory",
        "md5": false
    },
    {
        "path": "/tags/index.html",
        "type": "file",
        "md5": "42e71a0004d8978221fe39684c3f5eb2"
    },
    {
        "path": "tags/media",
        "type": "directory",
        "md5": false
    },
    {
        "path": "/tags/media/index.html",
        "type": "file",
        "md5": "3a681fcc97fac4a7dafeab73a7ab669d"
    },
    {
        "path": "tags/training",
        "type": "directory",
        "md5": false
    },
    {
        "path": "/tags/training/index.html",
        "type": "file",
        "md5": "b33b258f82c8afdb9ea38de4a57afebd"
    },
    {
        "path": "training-mountain-rescue-association-mra-education-basecamp",
        "type": "directory",
        "md5": false
    },
    {
        "path": "/training-mountain-rescue-association-mra-education-basecamp/index.html",
        "type": "file",
        "md5": "c64dcb1c9dd10cb0fa255ffdb9d0e452"
    }
]