[
    {
        "path": "404.html",
        "type": "file",
        "md5": "10f1d7c31cb3ba75c3918ec687715b1c"
    },
    {
        "path": "assets",
        "type": "directory",
        "md5": false
    },
    {
        "path": "assets/css",
        "type": "directory",
        "md5": false
    },
    {
        "path": "/assets/css/editor.css",
        "type": "file",
        "md5": "b15540b0ef346aeed2b206ddb6a7e66e"
    },
    {
        "path": "/assets/css/main.css",
        "type": "file",
        "md5": "734935fb7427fb7e93c032b18bee9a7f"
    },
    {
        "path": "/assets/css/style.css",
        "type": "file",
        "md5": "15d54d382c748bb79ce4de339f9350c8"
    },
    {
        "path": "assets/dynamic",
        "type": "directory",
        "md5": false
    },
    {
        "path": "assets/js",
        "type": "directory",
        "md5": false
    },
    {
        "path": "/assets/js/html-contents.js",
        "type": "file",
        "md5": "65e696bc3422a9d96e4809d6461f18d2"
    },
    {
        "path": "/assets/js/html-contents.min.js",
        "type": "file",
        "md5": "169077c370ab8ca62b029845f80f7fd5"
    },
    {
        "path": "/assets/js/scripts.js",
        "type": "file",
        "md5": "1fbf01dc976d1dd52f2a6ca87781dfb6"
    },
    {
        "path": "/assets/js/scripts.min.js",
        "type": "file",
        "md5": "4fce2b30433039b19e7a444fe8ab80b7"
    },
    {
        "path": "/assets/js/svg-fix.js",
        "type": "file",
        "md5": "7c0d2bb7276904b382e80bf2d85e8a96"
    },
    {
        "path": "/assets/js/svg-map.js",
        "type": "file",
        "md5": "6266703d96b26bdb8bbfeac04a3548e6"
    },
    {
        "path": "assets/svg",
        "type": "directory",
        "md5": false
    },
    {
        "path": "/assets/svg/svg-map.svg",
        "type": "file",
        "md5": "1045b50b124d80598dba0e6cfd955638"
    },
    {
        "path": "authors",
        "type": "directory",
        "md5": false
    },
    {
        "path": "authors/ed",
        "type": "directory",
        "md5": false
    },
    {
        "path": "/authors/ed/index.html",
        "type": "file",
        "md5": "7f533014488a052fb43ea10424360809"
    },
    {
        "path": "authors/ed/page",
        "type": "directory",
        "md5": false
    },
    {
        "path": "authors/ed/page/2",
        "type": "directory",
        "md5": false
    },
    {
        "path": "/authors/ed/page/2/index.html",
        "type": "file",
        "md5": "a27cf172abcd0a9c3242034440e23961"
    },
    {
        "path": "authors/ed/page/3",
        "type": "directory",
        "md5": false
    },
    {
        "path": "/authors/ed/page/3/index.html",
        "type": "file",
        "md5": "c3b6dea598ab20dc988d5550d2613f31"
    },
    {
        "path": "authors/ed/page/4",
        "type": "directory",
        "md5": false
    },
    {
        "path": "/authors/ed/page/4/index.html",
        "type": "file",
        "md5": "d5a87e7412106a6a44b3b4cdb096028d"
    },
    {
        "path": "index.html",
        "type": "file",
        "md5": "41bd68037d7f8aeb8878fadb140326ca"
    },
    {
        "path": "internal-roadmap",
        "type": "directory",
        "md5": false
    },
    {
        "path": "/internal-roadmap/index.html",
        "type": "file",
        "md5": "f183cdb8ce4d8545e7bc83eec89f861f"
    },
    {
        "path": "legal-cookie-policy",
        "type": "directory",
        "md5": false
    },
    {
        "path": "/legal-cookie-policy/index.html",
        "type": "file",
        "md5": "d833d4f85923248ffd92c968dfa414eb"
    },
    {
        "path": "legal-privacy",
        "type": "directory",
        "md5": false
    },
    {
        "path": "/legal-privacy/index.html",
        "type": "file",
        "md5": "4824fe7c8b974309bb0175c3ffe0a69c"
    },
    {
        "path": "media",
        "type": "directory",
        "md5": false
    },
    {
        "path": "media/plugins",
        "type": "directory",
        "md5": false
    },
    {
        "path": "media/plugins/staticSearch",
        "type": "directory",
        "md5": false
    },
    {
        "path": "/media/plugins/staticSearch/flexsearch.bundle.js",
        "type": "file",
        "md5": "03f5355e3c0a9bafbfa2412ecfec3df5"
    },
    {
        "path": "/media/plugins/staticSearch/index.js",
        "type": "file",
        "md5": "3c675d45393f71664e22eaf3ff5c55da"
    },
    {
        "path": "/media/plugins/staticSearch/static.search.min.css",
        "type": "file",
        "md5": "b2e932b2ccb8fc27acd56a327747f6bf"
    },
    {
        "path": "/media/plugins/staticSearch/static.search.min.js",
        "type": "file",
        "md5": "786b5157a9c2627b6bf48c8c0d3991da"
    },
    {
        "path": "media/website",
        "type": "directory",
        "md5": false
    },
    {
        "path": "/media/website/img-logo-128.png",
        "type": "file",
        "md5": "74d16e0086e098a3db693024be01e097"
    },
    {
        "path": "media/website/responsive",
        "type": "directory",
        "md5": false
    },
    {
        "path": "/media/website/responsive/img-logo-128-xs.png",
        "type": "file",
        "md5": "e588177978fcda690dad84bc49f29a98"
    },
    {
        "path": "media-14-peaks-nothing-is-impossible",
        "type": "directory",
        "md5": false
    },
    {
        "path": "/media-14-peaks-nothing-is-impossible/index.html",
        "type": "file",
        "md5": "6fc18d517d266441d45f583cb020308c"
    },
    {
        "path": "media-mountain-queen-the-summits-of-lhakpa-sherpa-2023",
        "type": "directory",
        "md5": false
    },
    {
        "path": "/media-mountain-queen-the-summits-of-lhakpa-sherpa-2023/index.html",
        "type": "file",
        "md5": "69f6b311c536c52e073c7e0211593f36"
    },
    {
        "path": "media-race-to-the-summit",
        "type": "directory",
        "md5": false
    },
    {
        "path": "/media-race-to-the-summit/index.html",
        "type": "file",
        "md5": "b6637482a9337836dc087f3b263290d7"
    },
    {
        "path": "media-race-to-the-summit-3",
        "type": "directory",
        "md5": false
    },
    {
        "path": "/media-race-to-the-summit-3/index.html",
        "type": "file",
        "md5": "d582bbda39a7de13e0d7b9d3e0ad5393"
    },
    {
        "path": "media-the-rock-warriors-way-mental-training-for-climbers",
        "type": "directory",
        "md5": false
    },
    {
        "path": "/media-the-rock-warriors-way-mental-training-for-climbers/index.html",
        "type": "file",
        "md5": "25f0b948ca64340ac4c56d5bf130e1aa"
    },
    {
        "path": "medical-dr-med-elisabeth-rockel-orthopedic-doctor",
        "type": "directory",
        "md5": false
    },
    {
        "path": "/medical-dr-med-elisabeth-rockel-orthopedic-doctor/index.html",
        "type": "file",
        "md5": "9cce4ec1f59c6c3903d91bedaa9b4dfb"
    },
    {
        "path": "medical-orthopaedie-am-stiglmaierplatz",
        "type": "directory",
        "md5": false
    },
    {
        "path": "/medical-orthopaedie-am-stiglmaierplatz/index.html",
        "type": "file",
        "md5": "ad19055e0db8fd72420592ec9b274e09"
    },
    {
        "path": "medical-schoen-klinik",
        "type": "directory",
        "md5": false
    },
    {
        "path": "/medical-schoen-klinik/index.html",
        "type": "file",
        "md5": "59e892d5650f7a02f7cb669a3b8e941e"
    },
    {
        "path": "online-dav-last-minute",
        "type": "directory",
        "md5": false
    },
    {
        "path": "/online-dav-last-minute/index.html",
        "type": "file",
        "md5": "c2cf5f80f71621e420516ec805af163a"
    },
    {
        "path": "online-hazel-findlay",
        "type": "directory",
        "md5": false
    },
    {
        "path": "/online-hazel-findlay/index.html",
        "type": "file",
        "md5": "c111a4f1e7c60487bd8730e5c216b3b4"
    },
    {
        "path": "online-lawinen-report",
        "type": "directory",
        "md5": false
    },
    {
        "path": "/online-lawinen-report/index.html",
        "type": "file",
        "md5": "36ee3c2563c4bc90ee96cc88d2672ce3"
    },
    {
        "path": "online-low-back-ability-app",
        "type": "directory",
        "md5": false
    },
    {
        "path": "/online-low-back-ability-app/index.html",
        "type": "file",
        "md5": "2369664cd7aa5bb2c9e55343db6bf7c4"
    },
    {
        "path": "online-mapycz",
        "type": "directory",
        "md5": false
    },
    {
        "path": "/online-mapycz/index.html",
        "type": "file",
        "md5": "8c73b75c33d5f5f6d01d4cd228f77ae5"
    },
    {
        "path": "online-masterplan-mountaineering",
        "type": "directory",
        "md5": false
    },
    {
        "path": "/online-masterplan-mountaineering/index.html",
        "type": "file",
        "md5": "bfb59704060fedf7c0fc919033d3a976"
    },
    {
        "path": "online-organic-maps",
        "type": "directory",
        "md5": false
    },
    {
        "path": "/online-organic-maps/index.html",
        "type": "file",
        "md5": "e36d705e4e8eabed826dbef442fd3f57"
    },
    {
        "path": "online-osmand",
        "type": "directory",
        "md5": false
    },
    {
        "path": "/online-osmand/index.html",
        "type": "file",
        "md5": "4e8087371f69f5e03d0be673903e8def"
    },
    {
        "path": "reservations-slovenia-alpine-association-hut-info",
        "type": "directory",
        "md5": false
    },
    {
        "path": "/reservations-slovenia-alpine-association-hut-info/index.html",
        "type": "file",
        "md5": "47dd23d2bd4f396d17b2cc6907db19b8"
    },
    {
        "path": "robots.txt",
        "type": "file",
        "md5": "d34a10184cc705d52f4fbc126d06f9ea"
    },
    {
        "path": "search.html",
        "type": "file",
        "md5": "556113d393338472c4798fb433f0f570"
    },
    {
        "path": "services-barbara-heinze-schmid-repair-service",
        "type": "directory",
        "md5": false
    },
    {
        "path": "/services-barbara-heinze-schmid-repair-service/index.html",
        "type": "file",
        "md5": "e0e35573bf7e748bbbbaa64f80ee72ad"
    },
    {
        "path": "services-hans-brunner-shoe-repair-shop",
        "type": "directory",
        "md5": false
    },
    {
        "path": "/services-hans-brunner-shoe-repair-shop/index.html",
        "type": "file",
        "md5": "f8e835e484d48be972a0bd4e4a0de4ad"
    },
    {
        "path": "services-rupert-lanzhammer-gmbh-schuh-technik-ottobrunn",
        "type": "directory",
        "md5": false
    },
    {
        "path": "/services-rupert-lanzhammer-gmbh-schuh-technik-ottobrunn/index.html",
        "type": "file",
        "md5": "6d3aa55e4658a64cb7eaf926937828dc"
    },
    {
        "path": "shop-globetrotter-munich",
        "type": "directory",
        "md5": false
    },
    {
        "path": "/shop-globetrotter-munich/index.html",
        "type": "file",
        "md5": "00db246b2b859b79454fa34826b62834"
    },
    {
        "path": "shop-rumrich-stone-project",
        "type": "directory",
        "md5": false
    },
    {
        "path": "/shop-rumrich-stone-project/index.html",
        "type": "file",
        "md5": "56e011adb3b8985abf110658bdea34c8"
    },
    {
        "path": "shop-sport-bittl",
        "type": "directory",
        "md5": false
    },
    {
        "path": "/shop-sport-bittl/index.html",
        "type": "file",
        "md5": "19bccbb1e083514474bae51095830863"
    },
    {
        "path": "shop-sport-schuster",
        "type": "directory",
        "md5": false
    },
    {
        "path": "/shop-sport-schuster/index.html",
        "type": "file",
        "md5": "e99aea0fd94b4b115558cef61a0b9be7"
    },
    {
        "path": "sitemap.xml",
        "type": "file",
        "md5": "5cbf669f537d546342ac1fdb0f6cf539"
    },
    {
        "path": "sitemap.xsl",
        "type": "file",
        "md5": "03c2f9a7fdcc46ff05c435907614a0b8"
    },
    {
        "path": "tags",
        "type": "directory",
        "md5": false
    },
    {
        "path": "tags/hack",
        "type": "directory",
        "md5": false
    },
    {
        "path": "/tags/hack/index.html",
        "type": "file",
        "md5": "692dcdf38eb960a86d841f1855ace127"
    },
    {
        "path": "/tags/index.html",
        "type": "file",
        "md5": "e59266385ac05e9a1cdb172b04e538db"
    },
    {
        "path": "tags/media",
        "type": "directory",
        "md5": false
    },
    {
        "path": "/tags/media/index.html",
        "type": "file",
        "md5": "0c3501fc7016f4046b6e409e37706c57"
    },
    {
        "path": "tags/medical",
        "type": "directory",
        "md5": false
    },
    {
        "path": "/tags/medical/index.html",
        "type": "file",
        "md5": "23077aa8850822ff3d14518c74a18560"
    },
    {
        "path": "tags/online-resource",
        "type": "directory",
        "md5": false
    },
    {
        "path": "/tags/online-resource/index.html",
        "type": "file",
        "md5": "be713df3d9883dd161a1235981369cb4"
    },
    {
        "path": "tags/repairs-and-services",
        "type": "directory",
        "md5": false
    },
    {
        "path": "/tags/repairs-and-services/index.html",
        "type": "file",
        "md5": "bd95832842029448c2320c4645a5f7e3"
    },
    {
        "path": "tags/reservations",
        "type": "directory",
        "md5": false
    },
    {
        "path": "/tags/reservations/index.html",
        "type": "file",
        "md5": "fc6239763be56a0366feff43c2ebc4fc"
    },
    {
        "path": "tags/shops",
        "type": "directory",
        "md5": false
    },
    {
        "path": "/tags/shops/index.html",
        "type": "file",
        "md5": "92855df232145eea65f04d9565b4d684"
    },
    {
        "path": "tags/training",
        "type": "directory",
        "md5": false
    },
    {
        "path": "/tags/training/index.html",
        "type": "file",
        "md5": "eb507077df363a1d56ce08d9d3f0bf7a"
    },
    {
        "path": "training-mountain-rescue-association-mra-education-basecamp",
        "type": "directory",
        "md5": false
    },
    {
        "path": "/training-mountain-rescue-association-mra-education-basecamp/index.html",
        "type": "file",
        "md5": "ee309e96e66ec5e170b935180fc8a27d"
    }
]