[
    {
        "path": "404.html",
        "type": "file",
        "md5": "edd0a5c181c494660d68d7d7b6d5f1d7"
    },
    {
        "path": "assets",
        "type": "directory",
        "md5": false
    },
    {
        "path": "assets/css",
        "type": "directory",
        "md5": false
    },
    {
        "path": "/assets/css/editor.css",
        "type": "file",
        "md5": "b15540b0ef346aeed2b206ddb6a7e66e"
    },
    {
        "path": "/assets/css/main.css",
        "type": "file",
        "md5": "734935fb7427fb7e93c032b18bee9a7f"
    },
    {
        "path": "/assets/css/style.css",
        "type": "file",
        "md5": "15d54d382c748bb79ce4de339f9350c8"
    },
    {
        "path": "assets/dynamic",
        "type": "directory",
        "md5": false
    },
    {
        "path": "assets/js",
        "type": "directory",
        "md5": false
    },
    {
        "path": "/assets/js/html-contents.js",
        "type": "file",
        "md5": "65e696bc3422a9d96e4809d6461f18d2"
    },
    {
        "path": "/assets/js/html-contents.min.js",
        "type": "file",
        "md5": "169077c370ab8ca62b029845f80f7fd5"
    },
    {
        "path": "/assets/js/scripts.js",
        "type": "file",
        "md5": "1fbf01dc976d1dd52f2a6ca87781dfb6"
    },
    {
        "path": "/assets/js/scripts.min.js",
        "type": "file",
        "md5": "4fce2b30433039b19e7a444fe8ab80b7"
    },
    {
        "path": "/assets/js/svg-fix.js",
        "type": "file",
        "md5": "7c0d2bb7276904b382e80bf2d85e8a96"
    },
    {
        "path": "/assets/js/svg-map.js",
        "type": "file",
        "md5": "6266703d96b26bdb8bbfeac04a3548e6"
    },
    {
        "path": "assets/svg",
        "type": "directory",
        "md5": false
    },
    {
        "path": "/assets/svg/svg-map.svg",
        "type": "file",
        "md5": "1045b50b124d80598dba0e6cfd955638"
    },
    {
        "path": "authors",
        "type": "directory",
        "md5": false
    },
    {
        "path": "authors/ed",
        "type": "directory",
        "md5": false
    },
    {
        "path": "/authors/ed/index.html",
        "type": "file",
        "md5": "ccb53c1423a3133fbb65419874b369e6"
    },
    {
        "path": "index.html",
        "type": "file",
        "md5": "f727fcade480c0bba30936f5be60185f"
    },
    {
        "path": "internal-roadmap",
        "type": "directory",
        "md5": false
    },
    {
        "path": "/internal-roadmap/index.html",
        "type": "file",
        "md5": "4eb2de31739011c3898d5371f6b006d2"
    },
    {
        "path": "legal-cookie-policy",
        "type": "directory",
        "md5": false
    },
    {
        "path": "/legal-cookie-policy/index.html",
        "type": "file",
        "md5": "45a2a53da56f6c277d9f967ef6ec9c22"
    },
    {
        "path": "legal-privacy",
        "type": "directory",
        "md5": false
    },
    {
        "path": "/legal-privacy/index.html",
        "type": "file",
        "md5": "7b8296366e3adb8bd588cace2fdc5517"
    },
    {
        "path": "media",
        "type": "directory",
        "md5": false
    },
    {
        "path": "media/plugins",
        "type": "directory",
        "md5": false
    },
    {
        "path": "media/plugins/staticSearch",
        "type": "directory",
        "md5": false
    },
    {
        "path": "/media/plugins/staticSearch/flexsearch.bundle.js",
        "type": "file",
        "md5": "03f5355e3c0a9bafbfa2412ecfec3df5"
    },
    {
        "path": "/media/plugins/staticSearch/index.js",
        "type": "file",
        "md5": "85014392437e26847e9165098cee543d"
    },
    {
        "path": "/media/plugins/staticSearch/static.search.min.css",
        "type": "file",
        "md5": "b2e932b2ccb8fc27acd56a327747f6bf"
    },
    {
        "path": "/media/plugins/staticSearch/static.search.min.js",
        "type": "file",
        "md5": "786b5157a9c2627b6bf48c8c0d3991da"
    },
    {
        "path": "media-mountain-queen-the-summits-of-lhakpa-sherpa-2023",
        "type": "directory",
        "md5": false
    },
    {
        "path": "/media-mountain-queen-the-summits-of-lhakpa-sherpa-2023/index.html",
        "type": "file",
        "md5": "631f63597af06b060042c9e78ff75a99"
    },
    {
        "path": "media-race-to-the-summit",
        "type": "directory",
        "md5": false
    },
    {
        "path": "/media-race-to-the-summit/index.html",
        "type": "file",
        "md5": "12c952bc68b053c853bef4d47ccd67a7"
    },
    {
        "path": "robots.txt",
        "type": "file",
        "md5": "9152d7f1724ed8fbcd2e0c87029f193c"
    },
    {
        "path": "search.html",
        "type": "file",
        "md5": "f1737c07801715b677546b2ad3961a80"
    },
    {
        "path": "tags",
        "type": "directory",
        "md5": false
    },
    {
        "path": "/tags/index.html",
        "type": "file",
        "md5": "87afe784e89ac4fa878c3426052b01ad"
    },
    {
        "path": "tags/media",
        "type": "directory",
        "md5": false
    },
    {
        "path": "/tags/media/index.html",
        "type": "file",
        "md5": "32fcd7b2af890d2a9e3fdadbd7f99c44"
    }
]