[
    {
        "path": "404.html",
        "type": "file",
        "md5": "d860ca5af3d370be1fc25a7ab52de7fd"
    },
    {
        "path": "assets",
        "type": "directory",
        "md5": false
    },
    {
        "path": "assets/css",
        "type": "directory",
        "md5": false
    },
    {
        "path": "/assets/css/editor.css",
        "type": "file",
        "md5": "b15540b0ef346aeed2b206ddb6a7e66e"
    },
    {
        "path": "/assets/css/main.css",
        "type": "file",
        "md5": "734935fb7427fb7e93c032b18bee9a7f"
    },
    {
        "path": "/assets/css/style.css",
        "type": "file",
        "md5": "15d54d382c748bb79ce4de339f9350c8"
    },
    {
        "path": "assets/dynamic",
        "type": "directory",
        "md5": false
    },
    {
        "path": "assets/js",
        "type": "directory",
        "md5": false
    },
    {
        "path": "/assets/js/html-contents.js",
        "type": "file",
        "md5": "65e696bc3422a9d96e4809d6461f18d2"
    },
    {
        "path": "/assets/js/html-contents.min.js",
        "type": "file",
        "md5": "169077c370ab8ca62b029845f80f7fd5"
    },
    {
        "path": "/assets/js/scripts.js",
        "type": "file",
        "md5": "1fbf01dc976d1dd52f2a6ca87781dfb6"
    },
    {
        "path": "/assets/js/scripts.min.js",
        "type": "file",
        "md5": "4fce2b30433039b19e7a444fe8ab80b7"
    },
    {
        "path": "/assets/js/svg-fix.js",
        "type": "file",
        "md5": "7c0d2bb7276904b382e80bf2d85e8a96"
    },
    {
        "path": "/assets/js/svg-map.js",
        "type": "file",
        "md5": "6266703d96b26bdb8bbfeac04a3548e6"
    },
    {
        "path": "assets/svg",
        "type": "directory",
        "md5": false
    },
    {
        "path": "/assets/svg/svg-map.svg",
        "type": "file",
        "md5": "1045b50b124d80598dba0e6cfd955638"
    },
    {
        "path": "authors",
        "type": "directory",
        "md5": false
    },
    {
        "path": "authors/ed",
        "type": "directory",
        "md5": false
    },
    {
        "path": "/authors/ed/index.html",
        "type": "file",
        "md5": "6ad7d1d6dc8a4530b3bb0e2040078720"
    },
    {
        "path": "index.html",
        "type": "file",
        "md5": "68413267b0e92c7db863b8cc46b9b7c6"
    },
    {
        "path": "internal-roadmap",
        "type": "directory",
        "md5": false
    },
    {
        "path": "/internal-roadmap/index.html",
        "type": "file",
        "md5": "a0b0f1bf3ca23e63030cc1001f7c266c"
    },
    {
        "path": "legal-cookie-policy",
        "type": "directory",
        "md5": false
    },
    {
        "path": "/legal-cookie-policy/index.html",
        "type": "file",
        "md5": "c8a0f2df4cb1803b9a979c9ada21aa0b"
    },
    {
        "path": "legal-privacy",
        "type": "directory",
        "md5": false
    },
    {
        "path": "/legal-privacy/index.html",
        "type": "file",
        "md5": "f68484926681f61d4c222562e3b1268c"
    },
    {
        "path": "media",
        "type": "directory",
        "md5": false
    },
    {
        "path": "media/plugins",
        "type": "directory",
        "md5": false
    },
    {
        "path": "media/plugins/staticSearch",
        "type": "directory",
        "md5": false
    },
    {
        "path": "/media/plugins/staticSearch/flexsearch.bundle.js",
        "type": "file",
        "md5": "03f5355e3c0a9bafbfa2412ecfec3df5"
    },
    {
        "path": "/media/plugins/staticSearch/index.js",
        "type": "file",
        "md5": "f40db4b92a10c66308126cc49fd7d9a9"
    },
    {
        "path": "/media/plugins/staticSearch/static.search.min.css",
        "type": "file",
        "md5": "b2e932b2ccb8fc27acd56a327747f6bf"
    },
    {
        "path": "/media/plugins/staticSearch/static.search.min.js",
        "type": "file",
        "md5": "786b5157a9c2627b6bf48c8c0d3991da"
    },
    {
        "path": "media-race-to-the-summit",
        "type": "directory",
        "md5": false
    },
    {
        "path": "/media-race-to-the-summit/index.html",
        "type": "file",
        "md5": "14d9d08c6b28bf183a28eec1c9e31bc9"
    },
    {
        "path": "robots.txt",
        "type": "file",
        "md5": "9152d7f1724ed8fbcd2e0c87029f193c"
    },
    {
        "path": "search.html",
        "type": "file",
        "md5": "1a91e81b5fb0f59030b1d03350cfac02"
    },
    {
        "path": "tags",
        "type": "directory",
        "md5": false
    },
    {
        "path": "/tags/index.html",
        "type": "file",
        "md5": "67f1b4eb1076ccf3c87e65b80e37f48f"
    },
    {
        "path": "tags/media",
        "type": "directory",
        "md5": false
    },
    {
        "path": "/tags/media/index.html",
        "type": "file",
        "md5": "b767fda21dacef11be19f715c42bf6be"
    }
]