[
    {
        "path": "404.html",
        "type": "file",
        "md5": "d2c0476eb92b146b34795c619e38528c"
    },
    {
        "path": "assets",
        "type": "directory",
        "md5": false
    },
    {
        "path": "assets/css",
        "type": "directory",
        "md5": false
    },
    {
        "path": "/assets/css/editor.css",
        "type": "file",
        "md5": "b15540b0ef346aeed2b206ddb6a7e66e"
    },
    {
        "path": "/assets/css/main.css",
        "type": "file",
        "md5": "734935fb7427fb7e93c032b18bee9a7f"
    },
    {
        "path": "/assets/css/style.css",
        "type": "file",
        "md5": "15d54d382c748bb79ce4de339f9350c8"
    },
    {
        "path": "assets/dynamic",
        "type": "directory",
        "md5": false
    },
    {
        "path": "assets/js",
        "type": "directory",
        "md5": false
    },
    {
        "path": "/assets/js/html-contents.js",
        "type": "file",
        "md5": "65e696bc3422a9d96e4809d6461f18d2"
    },
    {
        "path": "/assets/js/html-contents.min.js",
        "type": "file",
        "md5": "169077c370ab8ca62b029845f80f7fd5"
    },
    {
        "path": "/assets/js/scripts.js",
        "type": "file",
        "md5": "1fbf01dc976d1dd52f2a6ca87781dfb6"
    },
    {
        "path": "/assets/js/scripts.min.js",
        "type": "file",
        "md5": "4fce2b30433039b19e7a444fe8ab80b7"
    },
    {
        "path": "/assets/js/svg-fix.js",
        "type": "file",
        "md5": "7c0d2bb7276904b382e80bf2d85e8a96"
    },
    {
        "path": "/assets/js/svg-map.js",
        "type": "file",
        "md5": "6266703d96b26bdb8bbfeac04a3548e6"
    },
    {
        "path": "assets/svg",
        "type": "directory",
        "md5": false
    },
    {
        "path": "/assets/svg/svg-map.svg",
        "type": "file",
        "md5": "1045b50b124d80598dba0e6cfd955638"
    },
    {
        "path": "authors",
        "type": "directory",
        "md5": false
    },
    {
        "path": "authors/ed",
        "type": "directory",
        "md5": false
    },
    {
        "path": "/authors/ed/index.html",
        "type": "file",
        "md5": "1c3fc95a61921ac2962989a89c927722"
    },
    {
        "path": "authors/ed/page",
        "type": "directory",
        "md5": false
    },
    {
        "path": "authors/ed/page/2",
        "type": "directory",
        "md5": false
    },
    {
        "path": "/authors/ed/page/2/index.html",
        "type": "file",
        "md5": "8d94635337a40817969b48f9b42556bc"
    },
    {
        "path": "index.html",
        "type": "file",
        "md5": "0fb498717a0261d591d2ac0a1174bf39"
    },
    {
        "path": "internal-roadmap",
        "type": "directory",
        "md5": false
    },
    {
        "path": "/internal-roadmap/index.html",
        "type": "file",
        "md5": "408523b64ffa4314236b1ff97aef05f5"
    },
    {
        "path": "legal-cookie-policy",
        "type": "directory",
        "md5": false
    },
    {
        "path": "/legal-cookie-policy/index.html",
        "type": "file",
        "md5": "5dd8fa21713f3b452d2ffd9f44e0fd76"
    },
    {
        "path": "legal-privacy",
        "type": "directory",
        "md5": false
    },
    {
        "path": "/legal-privacy/index.html",
        "type": "file",
        "md5": "6db9426e6655dcc37b8d59d7d6570851"
    },
    {
        "path": "media",
        "type": "directory",
        "md5": false
    },
    {
        "path": "media/plugins",
        "type": "directory",
        "md5": false
    },
    {
        "path": "media/plugins/staticSearch",
        "type": "directory",
        "md5": false
    },
    {
        "path": "/media/plugins/staticSearch/flexsearch.bundle.js",
        "type": "file",
        "md5": "03f5355e3c0a9bafbfa2412ecfec3df5"
    },
    {
        "path": "/media/plugins/staticSearch/index.js",
        "type": "file",
        "md5": "db620a2768ae0a4dc5a96e83ccb4bca0"
    },
    {
        "path": "/media/plugins/staticSearch/static.search.min.css",
        "type": "file",
        "md5": "b2e932b2ccb8fc27acd56a327747f6bf"
    },
    {
        "path": "/media/plugins/staticSearch/static.search.min.js",
        "type": "file",
        "md5": "786b5157a9c2627b6bf48c8c0d3991da"
    },
    {
        "path": "media-14-peaks-nothing-is-impossible",
        "type": "directory",
        "md5": false
    },
    {
        "path": "/media-14-peaks-nothing-is-impossible/index.html",
        "type": "file",
        "md5": "8928897dba532ded868dbfaae1b40f76"
    },
    {
        "path": "media-mountain-queen-the-summits-of-lhakpa-sherpa-2023",
        "type": "directory",
        "md5": false
    },
    {
        "path": "/media-mountain-queen-the-summits-of-lhakpa-sherpa-2023/index.html",
        "type": "file",
        "md5": "4d48c5d8613652d46e533fdbe094a281"
    },
    {
        "path": "media-race-to-the-summit",
        "type": "directory",
        "md5": false
    },
    {
        "path": "/media-race-to-the-summit/index.html",
        "type": "file",
        "md5": "0101dd1c9744ffcabdbd77bd8dcb00af"
    },
    {
        "path": "media-race-to-the-summit-3",
        "type": "directory",
        "md5": false
    },
    {
        "path": "/media-race-to-the-summit-3/index.html",
        "type": "file",
        "md5": "34c691833268296f0d610e4a776c4580"
    },
    {
        "path": "media-the-rock-warriors-way-mental-training-for-climbers",
        "type": "directory",
        "md5": false
    },
    {
        "path": "/media-the-rock-warriors-way-mental-training-for-climbers/index.html",
        "type": "file",
        "md5": "6eda46e58154e72711a7317c4f186eea"
    },
    {
        "path": "robots.txt",
        "type": "file",
        "md5": "d34a10184cc705d52f4fbc126d06f9ea"
    },
    {
        "path": "search.html",
        "type": "file",
        "md5": "749ef4548375361c85bf0d730713753c"
    },
    {
        "path": "shop-globetrotter-munich",
        "type": "directory",
        "md5": false
    },
    {
        "path": "/shop-globetrotter-munich/index.html",
        "type": "file",
        "md5": "f72687c266a8702901d311ad95358a56"
    },
    {
        "path": "shop-rumrich-stone-project",
        "type": "directory",
        "md5": false
    },
    {
        "path": "/shop-rumrich-stone-project/index.html",
        "type": "file",
        "md5": "e395f5e4befe133180a4a3c0f968fd37"
    },
    {
        "path": "shop-sport-bittl",
        "type": "directory",
        "md5": false
    },
    {
        "path": "/shop-sport-bittl/index.html",
        "type": "file",
        "md5": "b4fc002f05078b9c3c6a05538e1d7f67"
    },
    {
        "path": "shop-sport-schuster",
        "type": "directory",
        "md5": false
    },
    {
        "path": "/shop-sport-schuster/index.html",
        "type": "file",
        "md5": "d821fd6ddf8d8d84aeb53cba1ef5fe0f"
    },
    {
        "path": "sitemap.xml",
        "type": "file",
        "md5": "3baf9db86608a283d164d3bd59f1f424"
    },
    {
        "path": "sitemap.xsl",
        "type": "file",
        "md5": "03c2f9a7fdcc46ff05c435907614a0b8"
    },
    {
        "path": "tags",
        "type": "directory",
        "md5": false
    },
    {
        "path": "tags/hack",
        "type": "directory",
        "md5": false
    },
    {
        "path": "/tags/hack/index.html",
        "type": "file",
        "md5": "87c37450a78ff4051d8dde7084e2b0c1"
    },
    {
        "path": "/tags/index.html",
        "type": "file",
        "md5": "52c9b330869a62e4812659465a14762b"
    },
    {
        "path": "tags/media",
        "type": "directory",
        "md5": false
    },
    {
        "path": "/tags/media/index.html",
        "type": "file",
        "md5": "ef59e153b15b7294d2c978155cdac9cd"
    },
    {
        "path": "tags/shops",
        "type": "directory",
        "md5": false
    },
    {
        "path": "/tags/shops/index.html",
        "type": "file",
        "md5": "3027d4c4c839dc46b6c6989caa510ed2"
    },
    {
        "path": "tags/training",
        "type": "directory",
        "md5": false
    },
    {
        "path": "/tags/training/index.html",
        "type": "file",
        "md5": "4c5d1c17bdea880693e689c5abdcd61c"
    },
    {
        "path": "training-mountain-rescue-association-mra-education-basecamp",
        "type": "directory",
        "md5": false
    },
    {
        "path": "/training-mountain-rescue-association-mra-education-basecamp/index.html",
        "type": "file",
        "md5": "05338c1483171ab9c7df77b3f9c3d6de"
    }
]