[
    {
        "path": "404.html",
        "type": "file",
        "md5": "15980cd39c964df66d8022dfb163274e"
    },
    {
        "path": "assets",
        "type": "directory",
        "md5": false
    },
    {
        "path": "assets/css",
        "type": "directory",
        "md5": false
    },
    {
        "path": "/assets/css/editor.css",
        "type": "file",
        "md5": "b15540b0ef346aeed2b206ddb6a7e66e"
    },
    {
        "path": "/assets/css/main.css",
        "type": "file",
        "md5": "734935fb7427fb7e93c032b18bee9a7f"
    },
    {
        "path": "/assets/css/style.css",
        "type": "file",
        "md5": "15d54d382c748bb79ce4de339f9350c8"
    },
    {
        "path": "assets/dynamic",
        "type": "directory",
        "md5": false
    },
    {
        "path": "assets/js",
        "type": "directory",
        "md5": false
    },
    {
        "path": "/assets/js/html-contents.js",
        "type": "file",
        "md5": "65e696bc3422a9d96e4809d6461f18d2"
    },
    {
        "path": "/assets/js/html-contents.min.js",
        "type": "file",
        "md5": "169077c370ab8ca62b029845f80f7fd5"
    },
    {
        "path": "/assets/js/scripts.js",
        "type": "file",
        "md5": "1fbf01dc976d1dd52f2a6ca87781dfb6"
    },
    {
        "path": "/assets/js/scripts.min.js",
        "type": "file",
        "md5": "4fce2b30433039b19e7a444fe8ab80b7"
    },
    {
        "path": "/assets/js/svg-fix.js",
        "type": "file",
        "md5": "7c0d2bb7276904b382e80bf2d85e8a96"
    },
    {
        "path": "/assets/js/svg-map.js",
        "type": "file",
        "md5": "6266703d96b26bdb8bbfeac04a3548e6"
    },
    {
        "path": "assets/svg",
        "type": "directory",
        "md5": false
    },
    {
        "path": "/assets/svg/svg-map.svg",
        "type": "file",
        "md5": "1045b50b124d80598dba0e6cfd955638"
    },
    {
        "path": "authors",
        "type": "directory",
        "md5": false
    },
    {
        "path": "authors/ed",
        "type": "directory",
        "md5": false
    },
    {
        "path": "/authors/ed/index.html",
        "type": "file",
        "md5": "acf95594960c7ba99969406744215484"
    },
    {
        "path": "cookie-policy",
        "type": "directory",
        "md5": false
    },
    {
        "path": "/cookie-policy/index.html",
        "type": "file",
        "md5": "210ee57829aff48a7fc4ab3f14014962"
    },
    {
        "path": "index.html",
        "type": "file",
        "md5": "73710fec938abddb7af5117c87b093eb"
    },
    {
        "path": "internal-roadmap",
        "type": "directory",
        "md5": false
    },
    {
        "path": "/internal-roadmap/index.html",
        "type": "file",
        "md5": "8bee154dc80f82457cc0254153854a53"
    },
    {
        "path": "media",
        "type": "directory",
        "md5": false
    },
    {
        "path": "media/plugins",
        "type": "directory",
        "md5": false
    },
    {
        "path": "media/plugins/staticSearch",
        "type": "directory",
        "md5": false
    },
    {
        "path": "/media/plugins/staticSearch/flexsearch.bundle.js",
        "type": "file",
        "md5": "03f5355e3c0a9bafbfa2412ecfec3df5"
    },
    {
        "path": "/media/plugins/staticSearch/index.js",
        "type": "file",
        "md5": "57a4c6c3c6cfa9a9c965a55a856182c0"
    },
    {
        "path": "/media/plugins/staticSearch/static.search.min.css",
        "type": "file",
        "md5": "b2e932b2ccb8fc27acd56a327747f6bf"
    },
    {
        "path": "/media/plugins/staticSearch/static.search.min.js",
        "type": "file",
        "md5": "786b5157a9c2627b6bf48c8c0d3991da"
    },
    {
        "path": "privacy",
        "type": "directory",
        "md5": false
    },
    {
        "path": "/privacy/index.html",
        "type": "file",
        "md5": "3f05b21be9f7ffd36db1b1fd7e3ad61a"
    },
    {
        "path": "robots.txt",
        "type": "file",
        "md5": "9152d7f1724ed8fbcd2e0c87029f193c"
    },
    {
        "path": "search.html",
        "type": "file",
        "md5": "3d3c371dc9fc252888eb69b4c742e902"
    },
    {
        "path": "tags",
        "type": "directory",
        "md5": false
    },
    {
        "path": "/tags/index.html",
        "type": "file",
        "md5": "6031f93d2e775d8724e260b0917aa83f"
    }
]