[
    {
        "path": "404.html",
        "type": "file",
        "md5": "f9a27c3c5fb83c76156a42f4fbe7c89b"
    },
    {
        "path": "assets",
        "type": "directory",
        "md5": false
    },
    {
        "path": "assets/css",
        "type": "directory",
        "md5": false
    },
    {
        "path": "/assets/css/editor.css",
        "type": "file",
        "md5": "b15540b0ef346aeed2b206ddb6a7e66e"
    },
    {
        "path": "/assets/css/main.css",
        "type": "file",
        "md5": "734935fb7427fb7e93c032b18bee9a7f"
    },
    {
        "path": "/assets/css/style.css",
        "type": "file",
        "md5": "4d2e8c3f41b306d3a2249ca690108656"
    },
    {
        "path": "assets/dynamic",
        "type": "directory",
        "md5": false
    },
    {
        "path": "assets/js",
        "type": "directory",
        "md5": false
    },
    {
        "path": "/assets/js/html-contents.js",
        "type": "file",
        "md5": "65e696bc3422a9d96e4809d6461f18d2"
    },
    {
        "path": "/assets/js/html-contents.min.js",
        "type": "file",
        "md5": "169077c370ab8ca62b029845f80f7fd5"
    },
    {
        "path": "/assets/js/scripts.js",
        "type": "file",
        "md5": "1fbf01dc976d1dd52f2a6ca87781dfb6"
    },
    {
        "path": "/assets/js/scripts.min.js",
        "type": "file",
        "md5": "4fce2b30433039b19e7a444fe8ab80b7"
    },
    {
        "path": "/assets/js/svg-fix.js",
        "type": "file",
        "md5": "7c0d2bb7276904b382e80bf2d85e8a96"
    },
    {
        "path": "/assets/js/svg-map.js",
        "type": "file",
        "md5": "6266703d96b26bdb8bbfeac04a3548e6"
    },
    {
        "path": "assets/svg",
        "type": "directory",
        "md5": false
    },
    {
        "path": "/assets/svg/svg-map.svg",
        "type": "file",
        "md5": "1045b50b124d80598dba0e6cfd955638"
    },
    {
        "path": "authors",
        "type": "directory",
        "md5": false
    },
    {
        "path": "authors/ed",
        "type": "directory",
        "md5": false
    },
    {
        "path": "/authors/ed/index.html",
        "type": "file",
        "md5": "0ec1048eced22d2368c91244c2524cef"
    },
    {
        "path": "authors/ed/page",
        "type": "directory",
        "md5": false
    },
    {
        "path": "authors/ed/page/2",
        "type": "directory",
        "md5": false
    },
    {
        "path": "/authors/ed/page/2/index.html",
        "type": "file",
        "md5": "b3a54846f2e162ea7704b7e34215b3a4"
    },
    {
        "path": "authors/ed/page/3",
        "type": "directory",
        "md5": false
    },
    {
        "path": "/authors/ed/page/3/index.html",
        "type": "file",
        "md5": "6669b07f709c99df2f649ab0a633fb8d"
    },
    {
        "path": "authors/ed/page/4",
        "type": "directory",
        "md5": false
    },
    {
        "path": "/authors/ed/page/4/index.html",
        "type": "file",
        "md5": "49994f92c05fd818cca7b8af6ace9236"
    },
    {
        "path": "index.html",
        "type": "file",
        "md5": "23c4e373f21724a5e5fb05a80b7b13d3"
    },
    {
        "path": "internal-roadmap",
        "type": "directory",
        "md5": false
    },
    {
        "path": "/internal-roadmap/index.html",
        "type": "file",
        "md5": "1a9f3628df8f44bb98df1c711f2cb21e"
    },
    {
        "path": "legal-cookie-policy",
        "type": "directory",
        "md5": false
    },
    {
        "path": "/legal-cookie-policy/index.html",
        "type": "file",
        "md5": "fb6704e7a9a6e1cac6d0ca4e0ab4c856"
    },
    {
        "path": "legal-privacy",
        "type": "directory",
        "md5": false
    },
    {
        "path": "/legal-privacy/index.html",
        "type": "file",
        "md5": "11b79f5d3a928dbbb324596520ebe8b3"
    },
    {
        "path": "media",
        "type": "directory",
        "md5": false
    },
    {
        "path": "media/plugins",
        "type": "directory",
        "md5": false
    },
    {
        "path": "media/plugins/staticSearch",
        "type": "directory",
        "md5": false
    },
    {
        "path": "/media/plugins/staticSearch/flexsearch.bundle.js",
        "type": "file",
        "md5": "03f5355e3c0a9bafbfa2412ecfec3df5"
    },
    {
        "path": "/media/plugins/staticSearch/index.js",
        "type": "file",
        "md5": "f46403bf1d970100b4fbb9dd284e6bf8"
    },
    {
        "path": "/media/plugins/staticSearch/static.search.min.css",
        "type": "file",
        "md5": "b2e932b2ccb8fc27acd56a327747f6bf"
    },
    {
        "path": "/media/plugins/staticSearch/static.search.min.js",
        "type": "file",
        "md5": "786b5157a9c2627b6bf48c8c0d3991da"
    },
    {
        "path": "media/website",
        "type": "directory",
        "md5": false
    },
    {
        "path": "/media/website/img-logo-128.png",
        "type": "file",
        "md5": "74d16e0086e098a3db693024be01e097"
    },
    {
        "path": "media/website/responsive",
        "type": "directory",
        "md5": false
    },
    {
        "path": "/media/website/responsive/img-logo-128-xs.png",
        "type": "file",
        "md5": "e588177978fcda690dad84bc49f29a98"
    },
    {
        "path": "media-14-peaks-nothing-is-impossible",
        "type": "directory",
        "md5": false
    },
    {
        "path": "/media-14-peaks-nothing-is-impossible/index.html",
        "type": "file",
        "md5": "179997e3a93d5446b85958ca3ee48071"
    },
    {
        "path": "media-mountain-queen-the-summits-of-lhakpa-sherpa-2023",
        "type": "directory",
        "md5": false
    },
    {
        "path": "/media-mountain-queen-the-summits-of-lhakpa-sherpa-2023/index.html",
        "type": "file",
        "md5": "a5379558a1679a870b036b4bd99a09b3"
    },
    {
        "path": "media-race-to-the-summit",
        "type": "directory",
        "md5": false
    },
    {
        "path": "/media-race-to-the-summit/index.html",
        "type": "file",
        "md5": "df8eae5aa134dc9363d0e3c8e6e336d6"
    },
    {
        "path": "media-race-to-the-summit-3",
        "type": "directory",
        "md5": false
    },
    {
        "path": "/media-race-to-the-summit-3/index.html",
        "type": "file",
        "md5": "46620b6c4014b4fb701eca863bbf4736"
    },
    {
        "path": "media-the-rock-warriors-way-mental-training-for-climbers",
        "type": "directory",
        "md5": false
    },
    {
        "path": "/media-the-rock-warriors-way-mental-training-for-climbers/index.html",
        "type": "file",
        "md5": "b5bc5f7460414d232af970ff32bce705"
    },
    {
        "path": "medical-dr-med-elisabeth-rockel-orthopedic-doctor",
        "type": "directory",
        "md5": false
    },
    {
        "path": "/medical-dr-med-elisabeth-rockel-orthopedic-doctor/index.html",
        "type": "file",
        "md5": "f45556b5529797c6734edcf05efede51"
    },
    {
        "path": "medical-orthopaedie-am-stiglmaierplatz",
        "type": "directory",
        "md5": false
    },
    {
        "path": "/medical-orthopaedie-am-stiglmaierplatz/index.html",
        "type": "file",
        "md5": "8729683f9f7237e956a53eb389c723a7"
    },
    {
        "path": "medical-schoen-klinik",
        "type": "directory",
        "md5": false
    },
    {
        "path": "/medical-schoen-klinik/index.html",
        "type": "file",
        "md5": "fc135c965fb82706c08b080b911261b3"
    },
    {
        "path": "online-dav-last-minute",
        "type": "directory",
        "md5": false
    },
    {
        "path": "/online-dav-last-minute/index.html",
        "type": "file",
        "md5": "991046245ca561298d3e66340c5093c1"
    },
    {
        "path": "online-hazel-findlay",
        "type": "directory",
        "md5": false
    },
    {
        "path": "/online-hazel-findlay/index.html",
        "type": "file",
        "md5": "6d9dbc5f87212290a82d29870a3d761c"
    },
    {
        "path": "online-lawinen-report",
        "type": "directory",
        "md5": false
    },
    {
        "path": "/online-lawinen-report/index.html",
        "type": "file",
        "md5": "3b786b03a5a411438d57ee1914df0b0a"
    },
    {
        "path": "online-low-back-ability-app",
        "type": "directory",
        "md5": false
    },
    {
        "path": "/online-low-back-ability-app/index.html",
        "type": "file",
        "md5": "7c8f1522061f46b599fec14577cdbd73"
    },
    {
        "path": "online-mapycz",
        "type": "directory",
        "md5": false
    },
    {
        "path": "/online-mapycz/index.html",
        "type": "file",
        "md5": "9da3e5122da7042e6d10125efbe403ed"
    },
    {
        "path": "online-masterplan-mountaineering",
        "type": "directory",
        "md5": false
    },
    {
        "path": "/online-masterplan-mountaineering/index.html",
        "type": "file",
        "md5": "53acf42bd21d8dcdc294c67ecd59b8f1"
    },
    {
        "path": "online-organic-maps",
        "type": "directory",
        "md5": false
    },
    {
        "path": "/online-organic-maps/index.html",
        "type": "file",
        "md5": "9f62bdcf5f23dd704094168bcc315105"
    },
    {
        "path": "online-osmand",
        "type": "directory",
        "md5": false
    },
    {
        "path": "/online-osmand/index.html",
        "type": "file",
        "md5": "8a3a5a36a1efc699785713a3535b055b"
    },
    {
        "path": "reservations-slovenia-alpine-association-hut-info",
        "type": "directory",
        "md5": false
    },
    {
        "path": "/reservations-slovenia-alpine-association-hut-info/index.html",
        "type": "file",
        "md5": "6f3767b021d38d4755337f583aeebc70"
    },
    {
        "path": "robots.txt",
        "type": "file",
        "md5": "d34a10184cc705d52f4fbc126d06f9ea"
    },
    {
        "path": "services-barbara-heinze-schmid-repair-service",
        "type": "directory",
        "md5": false
    },
    {
        "path": "/services-barbara-heinze-schmid-repair-service/index.html",
        "type": "file",
        "md5": "a8478291015e285bdee38e5f3afab904"
    },
    {
        "path": "services-hans-brunner-shoe-repair-shop",
        "type": "directory",
        "md5": false
    },
    {
        "path": "/services-hans-brunner-shoe-repair-shop/index.html",
        "type": "file",
        "md5": "1652677e83e2897911a2c504a43c5299"
    },
    {
        "path": "services-rupert-lanzhammer-gmbh-schuh-technik-ottobrunn",
        "type": "directory",
        "md5": false
    },
    {
        "path": "/services-rupert-lanzhammer-gmbh-schuh-technik-ottobrunn/index.html",
        "type": "file",
        "md5": "2159426e5e203b4dce0d4224330561ec"
    },
    {
        "path": "shop-globetrotter-munich",
        "type": "directory",
        "md5": false
    },
    {
        "path": "/shop-globetrotter-munich/index.html",
        "type": "file",
        "md5": "b5261e03c9e8bf0b1b7db38c47af3e47"
    },
    {
        "path": "shop-rumrich-stone-project",
        "type": "directory",
        "md5": false
    },
    {
        "path": "/shop-rumrich-stone-project/index.html",
        "type": "file",
        "md5": "cd53610942807d816fa671acb4d901b0"
    },
    {
        "path": "shop-sport-bittl",
        "type": "directory",
        "md5": false
    },
    {
        "path": "/shop-sport-bittl/index.html",
        "type": "file",
        "md5": "4e01e4a4478220051f02a4aa2dc78650"
    },
    {
        "path": "shop-sport-schuster",
        "type": "directory",
        "md5": false
    },
    {
        "path": "/shop-sport-schuster/index.html",
        "type": "file",
        "md5": "c4cf4c4a84dccf75cef9de85204f0bec"
    },
    {
        "path": "sitemap.xml",
        "type": "file",
        "md5": "1d475c8d9f195206b5fb8688a0c59cc2"
    },
    {
        "path": "sitemap.xsl",
        "type": "file",
        "md5": "03c2f9a7fdcc46ff05c435907614a0b8"
    },
    {
        "path": "tags",
        "type": "directory",
        "md5": false
    },
    {
        "path": "tags/hack",
        "type": "directory",
        "md5": false
    },
    {
        "path": "/tags/hack/index.html",
        "type": "file",
        "md5": "daa25a439c4787a768f3847a782d9488"
    },
    {
        "path": "/tags/index.html",
        "type": "file",
        "md5": "efc52567bab4647287addd564eb1f50c"
    },
    {
        "path": "tags/media",
        "type": "directory",
        "md5": false
    },
    {
        "path": "/tags/media/index.html",
        "type": "file",
        "md5": "c0691a3dbe3940168b490a2127dd4e6d"
    },
    {
        "path": "tags/medical",
        "type": "directory",
        "md5": false
    },
    {
        "path": "/tags/medical/index.html",
        "type": "file",
        "md5": "120fcba0c900d9793b2c4273fc35ca35"
    },
    {
        "path": "tags/online-resource",
        "type": "directory",
        "md5": false
    },
    {
        "path": "/tags/online-resource/index.html",
        "type": "file",
        "md5": "8dd95d770bd8c1ac13e09a5e7799f5d1"
    },
    {
        "path": "tags/repairs-and-services",
        "type": "directory",
        "md5": false
    },
    {
        "path": "/tags/repairs-and-services/index.html",
        "type": "file",
        "md5": "efcae08a602546ea6b3790831d34eb7d"
    },
    {
        "path": "tags/reservations",
        "type": "directory",
        "md5": false
    },
    {
        "path": "/tags/reservations/index.html",
        "type": "file",
        "md5": "61c355f7d112065ca4e2f6b1d67bc1fa"
    },
    {
        "path": "tags/shops",
        "type": "directory",
        "md5": false
    },
    {
        "path": "/tags/shops/index.html",
        "type": "file",
        "md5": "560aa19102b0d3dcab6a20b95c454c0a"
    },
    {
        "path": "tags/training",
        "type": "directory",
        "md5": false
    },
    {
        "path": "/tags/training/index.html",
        "type": "file",
        "md5": "5255041a1e93841a0b8d4b3aeaea267f"
    },
    {
        "path": "training-mountain-rescue-association-mra-education-basecamp",
        "type": "directory",
        "md5": false
    },
    {
        "path": "/training-mountain-rescue-association-mra-education-basecamp/index.html",
        "type": "file",
        "md5": "443983823f791f68bbe0feb704b3e8d3"
    },
    {
        "path": "_redirects",
        "type": "file",
        "md5": "48df1dd743d6a6e213f6082832c33729"
    }
]