[
    {
        "path": "404.html",
        "type": "file",
        "md5": "bb67b4a1ec5f04ec64df8a359eb1dd31"
    },
    {
        "path": "assets",
        "type": "directory",
        "md5": false
    },
    {
        "path": "assets/css",
        "type": "directory",
        "md5": false
    },
    {
        "path": "/assets/css/editor.css",
        "type": "file",
        "md5": "b15540b0ef346aeed2b206ddb6a7e66e"
    },
    {
        "path": "/assets/css/main.css",
        "type": "file",
        "md5": "734935fb7427fb7e93c032b18bee9a7f"
    },
    {
        "path": "/assets/css/style.css",
        "type": "file",
        "md5": "15d54d382c748bb79ce4de339f9350c8"
    },
    {
        "path": "assets/dynamic",
        "type": "directory",
        "md5": false
    },
    {
        "path": "assets/js",
        "type": "directory",
        "md5": false
    },
    {
        "path": "/assets/js/html-contents.js",
        "type": "file",
        "md5": "65e696bc3422a9d96e4809d6461f18d2"
    },
    {
        "path": "/assets/js/html-contents.min.js",
        "type": "file",
        "md5": "169077c370ab8ca62b029845f80f7fd5"
    },
    {
        "path": "/assets/js/scripts.js",
        "type": "file",
        "md5": "1fbf01dc976d1dd52f2a6ca87781dfb6"
    },
    {
        "path": "/assets/js/scripts.min.js",
        "type": "file",
        "md5": "4fce2b30433039b19e7a444fe8ab80b7"
    },
    {
        "path": "/assets/js/svg-fix.js",
        "type": "file",
        "md5": "7c0d2bb7276904b382e80bf2d85e8a96"
    },
    {
        "path": "/assets/js/svg-map.js",
        "type": "file",
        "md5": "6266703d96b26bdb8bbfeac04a3548e6"
    },
    {
        "path": "assets/svg",
        "type": "directory",
        "md5": false
    },
    {
        "path": "/assets/svg/svg-map.svg",
        "type": "file",
        "md5": "1045b50b124d80598dba0e6cfd955638"
    },
    {
        "path": "authors",
        "type": "directory",
        "md5": false
    },
    {
        "path": "authors/ed",
        "type": "directory",
        "md5": false
    },
    {
        "path": "/authors/ed/index.html",
        "type": "file",
        "md5": "2b6b8854e68293c3e612aaa608a66e0d"
    },
    {
        "path": "authors/ed/page",
        "type": "directory",
        "md5": false
    },
    {
        "path": "authors/ed/page/2",
        "type": "directory",
        "md5": false
    },
    {
        "path": "/authors/ed/page/2/index.html",
        "type": "file",
        "md5": "d5e8d5f517fd2f95c3ce9cb033cdaba1"
    },
    {
        "path": "authors/ed/page/3",
        "type": "directory",
        "md5": false
    },
    {
        "path": "/authors/ed/page/3/index.html",
        "type": "file",
        "md5": "6b2dfa4f3dfca25a94ccdccdcd0347ed"
    },
    {
        "path": "authors/ed/page/4",
        "type": "directory",
        "md5": false
    },
    {
        "path": "/authors/ed/page/4/index.html",
        "type": "file",
        "md5": "0166a3577e58d28bc4b7eec829b29ff4"
    },
    {
        "path": "index.html",
        "type": "file",
        "md5": "0af36cf9f7a66d97a1f56add93de8b8a"
    },
    {
        "path": "internal-roadmap",
        "type": "directory",
        "md5": false
    },
    {
        "path": "/internal-roadmap/index.html",
        "type": "file",
        "md5": "e6f7684bc968dac38b6e8dce53b41003"
    },
    {
        "path": "legal-cookie-policy",
        "type": "directory",
        "md5": false
    },
    {
        "path": "/legal-cookie-policy/index.html",
        "type": "file",
        "md5": "a317f119b1ad9c7d0984666b05be2a6d"
    },
    {
        "path": "legal-privacy",
        "type": "directory",
        "md5": false
    },
    {
        "path": "/legal-privacy/index.html",
        "type": "file",
        "md5": "01d265a703a6a5854070c71940b4d348"
    },
    {
        "path": "media",
        "type": "directory",
        "md5": false
    },
    {
        "path": "media/plugins",
        "type": "directory",
        "md5": false
    },
    {
        "path": "media/plugins/staticSearch",
        "type": "directory",
        "md5": false
    },
    {
        "path": "/media/plugins/staticSearch/flexsearch.bundle.js",
        "type": "file",
        "md5": "03f5355e3c0a9bafbfa2412ecfec3df5"
    },
    {
        "path": "/media/plugins/staticSearch/index.js",
        "type": "file",
        "md5": "f46403bf1d970100b4fbb9dd284e6bf8"
    },
    {
        "path": "/media/plugins/staticSearch/static.search.min.css",
        "type": "file",
        "md5": "b2e932b2ccb8fc27acd56a327747f6bf"
    },
    {
        "path": "/media/plugins/staticSearch/static.search.min.js",
        "type": "file",
        "md5": "786b5157a9c2627b6bf48c8c0d3991da"
    },
    {
        "path": "media/website",
        "type": "directory",
        "md5": false
    },
    {
        "path": "/media/website/img-logo-128.png",
        "type": "file",
        "md5": "74d16e0086e098a3db693024be01e097"
    },
    {
        "path": "media/website/responsive",
        "type": "directory",
        "md5": false
    },
    {
        "path": "/media/website/responsive/img-logo-128-xs.png",
        "type": "file",
        "md5": "e588177978fcda690dad84bc49f29a98"
    },
    {
        "path": "media-14-peaks-nothing-is-impossible",
        "type": "directory",
        "md5": false
    },
    {
        "path": "/media-14-peaks-nothing-is-impossible/index.html",
        "type": "file",
        "md5": "609f455ebd10cd94ddce89b7db7ea95c"
    },
    {
        "path": "media-mountain-queen-the-summits-of-lhakpa-sherpa-2023",
        "type": "directory",
        "md5": false
    },
    {
        "path": "/media-mountain-queen-the-summits-of-lhakpa-sherpa-2023/index.html",
        "type": "file",
        "md5": "bd58b8fc53f96354e492d9061a311db9"
    },
    {
        "path": "media-race-to-the-summit",
        "type": "directory",
        "md5": false
    },
    {
        "path": "/media-race-to-the-summit/index.html",
        "type": "file",
        "md5": "6b76abc3206a0b52146d746a9e11a725"
    },
    {
        "path": "media-race-to-the-summit-3",
        "type": "directory",
        "md5": false
    },
    {
        "path": "/media-race-to-the-summit-3/index.html",
        "type": "file",
        "md5": "91c3476d743ae84bc7556c0c41c7cd42"
    },
    {
        "path": "media-the-rock-warriors-way-mental-training-for-climbers",
        "type": "directory",
        "md5": false
    },
    {
        "path": "/media-the-rock-warriors-way-mental-training-for-climbers/index.html",
        "type": "file",
        "md5": "358cb460cc68ff0174883337bd983e79"
    },
    {
        "path": "medical-dr-med-elisabeth-rockel-orthopedic-doctor",
        "type": "directory",
        "md5": false
    },
    {
        "path": "/medical-dr-med-elisabeth-rockel-orthopedic-doctor/index.html",
        "type": "file",
        "md5": "1992ecd77b702c95a21db8b0a2f44da4"
    },
    {
        "path": "medical-orthopaedie-am-stiglmaierplatz",
        "type": "directory",
        "md5": false
    },
    {
        "path": "/medical-orthopaedie-am-stiglmaierplatz/index.html",
        "type": "file",
        "md5": "26ee73d2eda54ea37ea20d5de307115c"
    },
    {
        "path": "medical-schoen-klinik",
        "type": "directory",
        "md5": false
    },
    {
        "path": "/medical-schoen-klinik/index.html",
        "type": "file",
        "md5": "26457cff6cc26448063741cb8fd11c8d"
    },
    {
        "path": "online-dav-last-minute",
        "type": "directory",
        "md5": false
    },
    {
        "path": "/online-dav-last-minute/index.html",
        "type": "file",
        "md5": "920da19605dd53a0bf9ea216b13feb25"
    },
    {
        "path": "online-hazel-findlay",
        "type": "directory",
        "md5": false
    },
    {
        "path": "/online-hazel-findlay/index.html",
        "type": "file",
        "md5": "ed8036eb0dd387950b830274e0def291"
    },
    {
        "path": "online-lawinen-report",
        "type": "directory",
        "md5": false
    },
    {
        "path": "/online-lawinen-report/index.html",
        "type": "file",
        "md5": "6225cf75bf2f8e9dbb7cfe35d6379664"
    },
    {
        "path": "online-low-back-ability-app",
        "type": "directory",
        "md5": false
    },
    {
        "path": "/online-low-back-ability-app/index.html",
        "type": "file",
        "md5": "0c0c8debb3a3dc0a4eb5cfb6d0d0c47a"
    },
    {
        "path": "online-mapycz",
        "type": "directory",
        "md5": false
    },
    {
        "path": "/online-mapycz/index.html",
        "type": "file",
        "md5": "3835c1b9bcb635f8e3eab66eab539d22"
    },
    {
        "path": "online-masterplan-mountaineering",
        "type": "directory",
        "md5": false
    },
    {
        "path": "/online-masterplan-mountaineering/index.html",
        "type": "file",
        "md5": "2d09b4d99e7cd6acfe4ce69180eb2f66"
    },
    {
        "path": "online-organic-maps",
        "type": "directory",
        "md5": false
    },
    {
        "path": "/online-organic-maps/index.html",
        "type": "file",
        "md5": "c21dc1aca3b1eed438e724af13bf8883"
    },
    {
        "path": "online-osmand",
        "type": "directory",
        "md5": false
    },
    {
        "path": "/online-osmand/index.html",
        "type": "file",
        "md5": "a39a5e6a581eec1498b56ffdacf7f49c"
    },
    {
        "path": "reservations-slovenia-alpine-association-hut-info",
        "type": "directory",
        "md5": false
    },
    {
        "path": "/reservations-slovenia-alpine-association-hut-info/index.html",
        "type": "file",
        "md5": "9e39248c00c5107891a654276de0a5e3"
    },
    {
        "path": "robots.txt",
        "type": "file",
        "md5": "d34a10184cc705d52f4fbc126d06f9ea"
    },
    {
        "path": "search.html",
        "type": "file",
        "md5": "de365771aa66199f4da7e5ab07578473"
    },
    {
        "path": "services-barbara-heinze-schmid-repair-service",
        "type": "directory",
        "md5": false
    },
    {
        "path": "/services-barbara-heinze-schmid-repair-service/index.html",
        "type": "file",
        "md5": "d2d1ed61826b8f91f80318028e995e7b"
    },
    {
        "path": "services-hans-brunner-shoe-repair-shop",
        "type": "directory",
        "md5": false
    },
    {
        "path": "/services-hans-brunner-shoe-repair-shop/index.html",
        "type": "file",
        "md5": "ea1b08fb2782840c5c9b6eb1d8f37a5b"
    },
    {
        "path": "services-rupert-lanzhammer-gmbh-schuh-technik-ottobrunn",
        "type": "directory",
        "md5": false
    },
    {
        "path": "/services-rupert-lanzhammer-gmbh-schuh-technik-ottobrunn/index.html",
        "type": "file",
        "md5": "55391675ff1d1a1d4a6f65e08121e7ab"
    },
    {
        "path": "shop-globetrotter-munich",
        "type": "directory",
        "md5": false
    },
    {
        "path": "/shop-globetrotter-munich/index.html",
        "type": "file",
        "md5": "e9b052e46f9f7fd391164ee055b4700a"
    },
    {
        "path": "shop-rumrich-stone-project",
        "type": "directory",
        "md5": false
    },
    {
        "path": "/shop-rumrich-stone-project/index.html",
        "type": "file",
        "md5": "201e2bc71d4be0fe5492fd565017d6a3"
    },
    {
        "path": "shop-sport-bittl",
        "type": "directory",
        "md5": false
    },
    {
        "path": "/shop-sport-bittl/index.html",
        "type": "file",
        "md5": "0b14fe6fe092d26976561d0eb9de3fd2"
    },
    {
        "path": "shop-sport-schuster",
        "type": "directory",
        "md5": false
    },
    {
        "path": "/shop-sport-schuster/index.html",
        "type": "file",
        "md5": "1c8d36a24956ae95180475158b17b9d3"
    },
    {
        "path": "sitemap.xml",
        "type": "file",
        "md5": "5cbf669f537d546342ac1fdb0f6cf539"
    },
    {
        "path": "sitemap.xsl",
        "type": "file",
        "md5": "03c2f9a7fdcc46ff05c435907614a0b8"
    },
    {
        "path": "tags",
        "type": "directory",
        "md5": false
    },
    {
        "path": "tags/hack",
        "type": "directory",
        "md5": false
    },
    {
        "path": "/tags/hack/index.html",
        "type": "file",
        "md5": "3876f9147920c0aa7d469d366e9e75e5"
    },
    {
        "path": "/tags/index.html",
        "type": "file",
        "md5": "592441dd9d61d3322ee369640c1e965c"
    },
    {
        "path": "tags/media",
        "type": "directory",
        "md5": false
    },
    {
        "path": "/tags/media/index.html",
        "type": "file",
        "md5": "b9c14ff72b859949322090f245f76bf7"
    },
    {
        "path": "tags/medical",
        "type": "directory",
        "md5": false
    },
    {
        "path": "/tags/medical/index.html",
        "type": "file",
        "md5": "29ccc300ddf95b7bc06324f4ddc96002"
    },
    {
        "path": "tags/online-resource",
        "type": "directory",
        "md5": false
    },
    {
        "path": "/tags/online-resource/index.html",
        "type": "file",
        "md5": "eeed4990eadb7e1657fa415faae8ab42"
    },
    {
        "path": "tags/repairs-and-services",
        "type": "directory",
        "md5": false
    },
    {
        "path": "/tags/repairs-and-services/index.html",
        "type": "file",
        "md5": "8611104b807aaff4cacf59d2ac0e83c4"
    },
    {
        "path": "tags/reservations",
        "type": "directory",
        "md5": false
    },
    {
        "path": "/tags/reservations/index.html",
        "type": "file",
        "md5": "94baf9f414af874fafb75f563a651b3e"
    },
    {
        "path": "tags/shops",
        "type": "directory",
        "md5": false
    },
    {
        "path": "/tags/shops/index.html",
        "type": "file",
        "md5": "62957a04627c7d3aa888209a1a8dcd68"
    },
    {
        "path": "tags/training",
        "type": "directory",
        "md5": false
    },
    {
        "path": "/tags/training/index.html",
        "type": "file",
        "md5": "39df4d8371e25441a814d3b32331572a"
    },
    {
        "path": "training-mountain-rescue-association-mra-education-basecamp",
        "type": "directory",
        "md5": false
    },
    {
        "path": "/training-mountain-rescue-association-mra-education-basecamp/index.html",
        "type": "file",
        "md5": "0d6a89cfdb666b45af61cb39b5adc78c"
    }
]