[
    {
        "path": "404.html",
        "type": "file",
        "md5": "f34c736255aaead918434605607fcb09"
    },
    {
        "path": "assets",
        "type": "directory",
        "md5": false
    },
    {
        "path": "assets/css",
        "type": "directory",
        "md5": false
    },
    {
        "path": "/assets/css/editor.css",
        "type": "file",
        "md5": "b15540b0ef346aeed2b206ddb6a7e66e"
    },
    {
        "path": "/assets/css/main.css",
        "type": "file",
        "md5": "734935fb7427fb7e93c032b18bee9a7f"
    },
    {
        "path": "/assets/css/style.css",
        "type": "file",
        "md5": "15d54d382c748bb79ce4de339f9350c8"
    },
    {
        "path": "assets/dynamic",
        "type": "directory",
        "md5": false
    },
    {
        "path": "assets/js",
        "type": "directory",
        "md5": false
    },
    {
        "path": "/assets/js/html-contents.js",
        "type": "file",
        "md5": "65e696bc3422a9d96e4809d6461f18d2"
    },
    {
        "path": "/assets/js/html-contents.min.js",
        "type": "file",
        "md5": "169077c370ab8ca62b029845f80f7fd5"
    },
    {
        "path": "/assets/js/scripts.js",
        "type": "file",
        "md5": "1fbf01dc976d1dd52f2a6ca87781dfb6"
    },
    {
        "path": "/assets/js/scripts.min.js",
        "type": "file",
        "md5": "4fce2b30433039b19e7a444fe8ab80b7"
    },
    {
        "path": "/assets/js/svg-fix.js",
        "type": "file",
        "md5": "7c0d2bb7276904b382e80bf2d85e8a96"
    },
    {
        "path": "/assets/js/svg-map.js",
        "type": "file",
        "md5": "6266703d96b26bdb8bbfeac04a3548e6"
    },
    {
        "path": "assets/svg",
        "type": "directory",
        "md5": false
    },
    {
        "path": "/assets/svg/svg-map.svg",
        "type": "file",
        "md5": "1045b50b124d80598dba0e6cfd955638"
    },
    {
        "path": "authors",
        "type": "directory",
        "md5": false
    },
    {
        "path": "authors/ed",
        "type": "directory",
        "md5": false
    },
    {
        "path": "/authors/ed/index.html",
        "type": "file",
        "md5": "32bc96dbd5711f2c9b7bbd0dc3afa506"
    },
    {
        "path": "authors/ed/page",
        "type": "directory",
        "md5": false
    },
    {
        "path": "authors/ed/page/2",
        "type": "directory",
        "md5": false
    },
    {
        "path": "/authors/ed/page/2/index.html",
        "type": "file",
        "md5": "fdc0028c9765a21520c5ed5e04c370a0"
    },
    {
        "path": "index.html",
        "type": "file",
        "md5": "05bd0ba53dc78e616bec2f95e53775e8"
    },
    {
        "path": "internal-roadmap",
        "type": "directory",
        "md5": false
    },
    {
        "path": "/internal-roadmap/index.html",
        "type": "file",
        "md5": "1898aafd1466e1ae2da3be135517dca3"
    },
    {
        "path": "legal-cookie-policy",
        "type": "directory",
        "md5": false
    },
    {
        "path": "/legal-cookie-policy/index.html",
        "type": "file",
        "md5": "601569a32b4bd0b0a4050de2cfb335ac"
    },
    {
        "path": "legal-privacy",
        "type": "directory",
        "md5": false
    },
    {
        "path": "/legal-privacy/index.html",
        "type": "file",
        "md5": "c2b134fc10406fef613fe891fb1b7222"
    },
    {
        "path": "media",
        "type": "directory",
        "md5": false
    },
    {
        "path": "media/plugins",
        "type": "directory",
        "md5": false
    },
    {
        "path": "media/plugins/staticSearch",
        "type": "directory",
        "md5": false
    },
    {
        "path": "/media/plugins/staticSearch/flexsearch.bundle.js",
        "type": "file",
        "md5": "03f5355e3c0a9bafbfa2412ecfec3df5"
    },
    {
        "path": "/media/plugins/staticSearch/index.js",
        "type": "file",
        "md5": "6b9cc19a5cda79499e37edeac05cb577"
    },
    {
        "path": "/media/plugins/staticSearch/static.search.min.css",
        "type": "file",
        "md5": "b2e932b2ccb8fc27acd56a327747f6bf"
    },
    {
        "path": "/media/plugins/staticSearch/static.search.min.js",
        "type": "file",
        "md5": "786b5157a9c2627b6bf48c8c0d3991da"
    },
    {
        "path": "media-14-peaks-nothing-is-impossible",
        "type": "directory",
        "md5": false
    },
    {
        "path": "/media-14-peaks-nothing-is-impossible/index.html",
        "type": "file",
        "md5": "a25399b32bbc8f872f4ea288665ea17f"
    },
    {
        "path": "media-mountain-queen-the-summits-of-lhakpa-sherpa-2023",
        "type": "directory",
        "md5": false
    },
    {
        "path": "/media-mountain-queen-the-summits-of-lhakpa-sherpa-2023/index.html",
        "type": "file",
        "md5": "0a003061d6e46bd1af6cff9a6b7fd83d"
    },
    {
        "path": "media-race-to-the-summit",
        "type": "directory",
        "md5": false
    },
    {
        "path": "/media-race-to-the-summit/index.html",
        "type": "file",
        "md5": "47277515362b8af60822d785e62daa0a"
    },
    {
        "path": "media-race-to-the-summit-3",
        "type": "directory",
        "md5": false
    },
    {
        "path": "/media-race-to-the-summit-3/index.html",
        "type": "file",
        "md5": "e47dd0d47c28c672664617aa27e19269"
    },
    {
        "path": "media-the-rock-warriors-way-mental-training-for-climbers",
        "type": "directory",
        "md5": false
    },
    {
        "path": "/media-the-rock-warriors-way-mental-training-for-climbers/index.html",
        "type": "file",
        "md5": "16e70799e70c4280a5b9cbef48b97086"
    },
    {
        "path": "reservations-slovenia-alpine-association-hut-info",
        "type": "directory",
        "md5": false
    },
    {
        "path": "/reservations-slovenia-alpine-association-hut-info/index.html",
        "type": "file",
        "md5": "72361212b5902ac9669b9b52f94b0e7d"
    },
    {
        "path": "robots.txt",
        "type": "file",
        "md5": "d34a10184cc705d52f4fbc126d06f9ea"
    },
    {
        "path": "search.html",
        "type": "file",
        "md5": "33d5660fda4a30215c357e924f25fc41"
    },
    {
        "path": "services-barbara-heinze-schmid-repair-service",
        "type": "directory",
        "md5": false
    },
    {
        "path": "/services-barbara-heinze-schmid-repair-service/index.html",
        "type": "file",
        "md5": "23e052f35762d5849d5750dc47531ed9"
    },
    {
        "path": "services-hans-brunner-shoe-repair-shop",
        "type": "directory",
        "md5": false
    },
    {
        "path": "/services-hans-brunner-shoe-repair-shop/index.html",
        "type": "file",
        "md5": "195d7e253fb64a258ac74892a911108a"
    },
    {
        "path": "services-rupert-lanzhammer-gmbh-schuh-technik-ottobrunn",
        "type": "directory",
        "md5": false
    },
    {
        "path": "/services-rupert-lanzhammer-gmbh-schuh-technik-ottobrunn/index.html",
        "type": "file",
        "md5": "45b5200c7f5f8f0d66a81c7258d41d34"
    },
    {
        "path": "shop-globetrotter-munich",
        "type": "directory",
        "md5": false
    },
    {
        "path": "/shop-globetrotter-munich/index.html",
        "type": "file",
        "md5": "6e0824cf429faa1e0a592184b90acb27"
    },
    {
        "path": "shop-rumrich-stone-project",
        "type": "directory",
        "md5": false
    },
    {
        "path": "/shop-rumrich-stone-project/index.html",
        "type": "file",
        "md5": "297969517241bc3ba1ef263f04b9b702"
    },
    {
        "path": "shop-sport-bittl",
        "type": "directory",
        "md5": false
    },
    {
        "path": "/shop-sport-bittl/index.html",
        "type": "file",
        "md5": "2ab885adf8c8796ded9687870d47028b"
    },
    {
        "path": "shop-sport-schuster",
        "type": "directory",
        "md5": false
    },
    {
        "path": "/shop-sport-schuster/index.html",
        "type": "file",
        "md5": "ff08b2510add227ba09b2cd200745603"
    },
    {
        "path": "sitemap.xml",
        "type": "file",
        "md5": "a77c1113c75092778a29cc86e24b89ef"
    },
    {
        "path": "sitemap.xsl",
        "type": "file",
        "md5": "03c2f9a7fdcc46ff05c435907614a0b8"
    },
    {
        "path": "tags",
        "type": "directory",
        "md5": false
    },
    {
        "path": "tags/hack",
        "type": "directory",
        "md5": false
    },
    {
        "path": "/tags/hack/index.html",
        "type": "file",
        "md5": "47015bd5659fee59476b5acd78e3ec36"
    },
    {
        "path": "/tags/index.html",
        "type": "file",
        "md5": "be669aaebbcb50450d4d1a88b0673b12"
    },
    {
        "path": "tags/media",
        "type": "directory",
        "md5": false
    },
    {
        "path": "/tags/media/index.html",
        "type": "file",
        "md5": "39632506d4c93cfda4c0f4af377a4f44"
    },
    {
        "path": "tags/repairs-and-services",
        "type": "directory",
        "md5": false
    },
    {
        "path": "/tags/repairs-and-services/index.html",
        "type": "file",
        "md5": "885c30833b35ce702a626b274a9a1bc3"
    },
    {
        "path": "tags/reservations",
        "type": "directory",
        "md5": false
    },
    {
        "path": "/tags/reservations/index.html",
        "type": "file",
        "md5": "2c507ecf7506def0215dfdc2b280bc62"
    },
    {
        "path": "tags/shops",
        "type": "directory",
        "md5": false
    },
    {
        "path": "/tags/shops/index.html",
        "type": "file",
        "md5": "8f2f4c8db1bcd62bae85a1826dd2b5bc"
    },
    {
        "path": "tags/training",
        "type": "directory",
        "md5": false
    },
    {
        "path": "/tags/training/index.html",
        "type": "file",
        "md5": "a906c9d65ec691bda57fbc24b01a9fae"
    },
    {
        "path": "training-mountain-rescue-association-mra-education-basecamp",
        "type": "directory",
        "md5": false
    },
    {
        "path": "/training-mountain-rescue-association-mra-education-basecamp/index.html",
        "type": "file",
        "md5": "494fbfa958dd14fdc1c1e30b46e6fae0"
    }
]